{
    "bb": [
        53.6120622350988,
        9.2010498046875,
        54.4061430903196,
        10.4974365234375
    ],
    "graph": {
        "0": {
            "pos": [
                9.23092440278706,
                53.62660828643439
            ],
            "adj": [
                1
            ]
        },
        "1": {
            "pos": [
                9.393000239417283,
                53.72232286318284
            ],
            "adj": [
                2,
                7,
                15,
                0
            ]
        },
        "2": {
            "pos": [
                9.321840588892398,
                53.99627423475863
            ],
            "adj": [
                3,
                4,
                8,
                7,
                1
            ]
        },
        "3": {
            "pos": [
                9.223686218839296,
                54.13406561467155
            ],
            "adj": [
                4,
                2
            ]
        },
        "4": {
            "pos": [
                9.46517506261598,
                54.155117821143584
            ],
            "adj": [
                3,
                5,
                6,
                10,
                13,
                12,
                8,
                2
            ]
        },
        "5": {
            "pos": [
                9.348658298703784,
                54.2709459084685
            ],
            "adj": [
                6,
                4
            ]
        },
        "6": {
            "pos": [
                9.411425087896875,
                54.35703774932469
            ],
            "adj": [
                5,
                10,
                4
            ]
        },
        "7": {
            "pos": [
                9.495811373528024,
                53.83314373990115
            ],
            "adj": [
                1,
                2,
                9,
                15
            ]
        },
        "8": {
            "pos": [
                9.542290439549811,
                54.01052225135371
            ],
            "adj": [
                4,
                11,
                9,
                2
            ]
        },
        "9": {
            "pos": [
                9.75134638065983,
                53.82770398094921
            ],
            "adj": [
                7,
                8,
                11,
                19,
                20,
                18,
                15
            ]
        },
        "10": {
            "pos": [
                9.619313577913047,
                54.36281646254511
            ],
            "adj": [
                6,
                14,
                13,
                4
            ]
        },
        "11": {
            "pos": [
                9.772210749777052,
                54.000797783186336
            ],
            "adj": [
                8,
                12,
                22,
                19,
                9
            ]
        },
        "12": {
            "pos": [
                9.78271314605018,
                54.16458416600031
            ],
            "adj": [
                4,
                13,
                17,
                28,
                24,
                11
            ]
        },
        "13": {
            "pos": [
                9.698922451184611,
                54.308433739022455
            ],
            "adj": [
                10,
                16,
                12,
                4
            ]
        },
        "14": {
            "pos": [
                9.689284000627715,
                54.38803579857846
            ],
            "adj": [
                10,
                16
            ]
        },
        "15": {
            "pos": [
                9.715678638376223,
                53.67632170612845
            ],
            "adj": [
                7,
                9,
                18,
                1
            ]
        },
        "16": {
            "pos": [
                9.898205905940825,
                54.35804271162336
            ],
            "adj": [
                14,
                31,
                33,
                28,
                17,
                13
            ]
        },
        "17": {
            "pos": [
                9.915236155551089,
                54.26383889322922
            ],
            "adj": [
                12,
                16,
                28
            ]
        },
        "18": {
            "pos": [
                9.820680239924474,
                53.63522051849378
            ],
            "adj": [
                15,
                9
            ]
        },
        "19": {
            "pos": [
                9.913716728363077,
                53.78850621334169
            ],
            "adj": [
                9,
                11,
                23,
                26,
                25,
                20
            ]
        },
        "20": {
            "pos": [
                9.914873476775131,
                53.6313426801646
            ],
            "adj": [
                9,
                19,
                21
            ]
        },
        "21": {
            "pos": [
                9.931166112850338,
                53.61852665382565
            ],
            "adj": [
                20,
                25
            ]
        },
        "22": {
            "pos": [
                10.086951960209545,
                53.99183985001708
            ],
            "adj": [
                24,
                28,
                38,
                23,
                11
            ]
        },
        "23": {
            "pos": [
                10.078838116698773,
                53.832611725988926
            ],
            "adj": [
                22,
                42,
                34,
                27,
                26,
                19
            ]
        },
        "24": {
            "pos": [
                9.950120651734789,
                54.09135070157381
            ],
            "adj": [
                12,
                28,
                22
            ]
        },
        "25": {
            "pos": [
                9.96948937592436,
                53.62976806434473
            ],
            "adj": [
                21,
                19,
                26,
                27,
                29,
                30
            ]
        },
        "26": {
            "pos": [
                9.977561068837707,
                53.705496005221995
            ],
            "adj": [
                19,
                23,
                27,
                25
            ]
        },
        "27": {
            "pos": [
                10.126628011535814,
                53.706172868796024
            ],
            "adj": [
                34,
                40,
                32,
                29,
                25,
                26,
                23
            ]
        },
        "28": {
            "pos": [
                10.086048592525927,
                54.16651668469185
            ],
            "adj": [
                17,
                16,
                33,
                35,
                22,
                24,
                12
            ]
        },
        "29": {
            "pos": [
                10.050133021144232,
                53.63307986789317
            ],
            "adj": [
                25,
                27,
                32,
                30
            ]
        },
        "30": {
            "pos": [
                10.010739442789362,
                53.61422113015749
            ],
            "adj": [
                25,
                29
            ]
        },
        "31": {
            "pos": [
                10.083278974205939,
                54.38766674125352
            ],