{
    "bb": [
        52.8127231279154,
        10.755615234375,
        53.920516103576,
        13.8592529296875
    ],
    "graph": {
        "0": {
            "pos": [
                10.922402689168115,
                52.85794695814977
            ],
            "adj": [
                1,
                16,
                20,
                19
            ]
        },
        "1": {
            "pos": [
                10.988537707645902,
                52.93902888373534
            ],
            "adj": [
                2,
                16,
                0
            ]
        },
        "2": {
            "pos": [
                10.949703485621896,
                53.028805799866575
            ],
            "adj": [
                16,
                1,
                3
            ]
        },
        "3": {
            "pos": [
                10.860010667792048,
                53.10272321437871
            ],
            "adj": [
                4,
                2
            ]
        },
        "4": {
            "pos": [
                10.937287353937847,
                53.20184628447303
            ],
            "adj": [
                5,
                16,
                3
            ]
        },
        "5": {
            "pos": [
                11.138046612579775,
                53.2866155176296
            ],
            "adj": [
                4,
                6,
                17,
                21
            ]
        },
        "6": {
            "pos": [
                10.9769134158592,
                53.447196790731844
            ],
            "adj": [
                8,
                17,
                5,
                7
            ]
        },
        "7": {
            "pos": [
                10.792009198477686,
                53.49580889053372
            ],
            "adj": [
                8,
                6
            ]
        },
        "8": {
            "pos": [
                11.048632791379697,
                53.59596763744495
            ],
            "adj": [
                9,
                18,
                23,
                22,
                6,
                7
            ]
        },
        "9": {
            "pos": [
                10.90665948957349,
                53.75320240690599
            ],
            "adj": [
                10,
                15,
                18,
                8
            ]
        },
        "10": {
            "pos": [
                10.842293390322506,
                53.844527702290186
            ],
            "adj": [
                13,
                14,
                9
            ]
        },
        "11": {
            "pos": [
                10.764766345120497,
                53.90537250173082
            ],
            "adj": [
                12,
                13
            ]
        },
        "12": {
            "pos": [
                10.779431172181912,
                53.916691076404675
            ],
            "adj": [
                13,
                11
            ]
        },
        "13": {
            "pos": [
                11.204884537339803,
                53.898093580479646
            ],
            "adj": [
                11,
                12,
                29,
                24,
                10,
                14
            ]
        },
        "14": {
            "pos": [
                11.135876834526234,
                53.858369957721806
            ],
            "adj": [
                10,
                13,
                15
            ]
        },
        "15": {
            "pos": [
                11.17653321502738,
                53.787125912830916
            ],
            "adj": [
                9,
                14,
                18
            ]
        },
        "16": {
            "pos": [
                11.39635174920383,
                52.98076232909901
            ],
            "adj": [
                2,
                4,
                21,
                33,
                20,
                0,
                1
            ]
        },
        "17": {
            "pos": [
                11.329424419824615,
                53.39092362767626
            ],
            "adj": [
                6,
                22,
                28,
                21,
                5
            ]
        },
        "18": {
            "pos": [
                11.302830793273491,
                53.73138636395497
            ],
            "adj": [
                24,
                23,
                8,
                9,
                15
            ]
        },
        "19": {
            "pos": [
                11.173254059965334,
                52.818351509547746
            ],
            "adj": [
                20,
                0
            ]
        },
        "20": {
            "pos": [
                11.520209978918462,
                52.842347543591906
            ],
            "adj": [
                16,
                33,
                19,
                0
            ]
        },
        "21": {
            "pos": [
                11.542957202450733,
                53.14317151416134
            ],
            "adj": [
                5,
                17,
                28,
                33,
                16
            ]
        },
        "22": {
            "pos": [
                11.405828477201364,
                53.51000144822101
            ],
            "adj": [
                8,
                23,
                25,
                17
            ]
        },
        "23": {
            "pos": [
                11.444219845149501,
                53.63802215629462
            ],
            "adj": [
                24,
                18,
                26,
                22,
                8
            ]
        },
        "24": {
            "pos": [
                11.49767514294401,
                53.76930054466739
            ],
            "adj": [
                13,
                29,
                27,
                23,
                18
            ]
        },
        "25": {
            "pos": [
                11.634234169200957,
                53.4868999179443
            ],
            "adj": [
                22,
                26,
                32,
                35,
                31,
                28
            ]
        },
        "26": {
            "pos": [
                11.767725379810605,
                53.63788132382391
            ],
            "adj": [
                27,
                30,
                34,
                32,
                25,
                23
            ]
        },
        "27": {
            "pos": [
                11.630370492820397,
                53.77705559183449
            ],
            "adj": [
                29,
                30,
                26,
                24
            ]
        },
        "28": {
            "pos": [
                11.876735872274976,
                53.23467322858541
            ],
            "adj": [
                21,
                17,
                25,
                31,
                35,
                41,
                39,
                36,
                33
            ]
        },
        "29": {
            "pos": [
                11.643051295037681,
                53.90075588020939
            ],
            "adj": [
                30,
                27,
                24,
                13
            ]
        },
        "30": {
            "pos": [
                11.9321898001608,
                53.83156186005253
            ],
            "adj": [
                29,
                42,
                40,
                34,
                26,
                27
            ]
        },