{
    "bb": [
        49.0882577847246,
        6.33636474609375,
        49.6320619412871,
        7.50915527343749
    ],
    "graph": {
        "0": {
            "pos": [
                6.495097206974227,
                49.099949353927336
            ],
            "adj": [
                1,
                18
            ]
        },
        "1": {
            "pos": [
                6.507899459257805,
                49.1225880165931
            ],
            "adj": [
                2,
                14,
                20,
                18,
                0
            ]
        },
        "2": {
            "pos": [
                6.351999883958697,
                49.14101035490327
            ],
            "adj": [
                3,
                14,
                1
            ]
        },
        "3": {
            "pos": [
                6.449653586598423,
                49.23646381125962
            ],
            "adj": [
                4,
                14,
                2
            ]
        },
        "4": {
            "pos": [
                6.508460432586178,
                49.37467850906654
            ],
            "adj": [
                5,
                11,
                15,
                17,
                22,
                14,
                3
            ]
        },
        "5": {
            "pos": [
                6.351849955617105,
                49.459658361641445
            ],
            "adj": [
                6,
                4
            ]
        },
        "6": {
            "pos": [
                6.349628249883301,
                49.50724115894213
            ],
            "adj": [
                7,
                8,
                9,
                5
            ]
        },
        "7": {
            "pos": [
                6.34296631033017,
                49.54199363087269
            ],
            "adj": [
                8,
                6
            ]
        },
        "8": {
            "pos": [
                6.365940983573633,
                49.59934205162119
            ],
            "adj": [
                12,
                6,
                10,
                7
            ]
        },
        "9": {
            "pos": [
                6.36785611082571,
                49.52075686291965
            ],
            "adj": [
                11,
                6
            ]
        },
        "10": {
            "pos": [
                6.369507617326415,
                49.5719367227461
            ],
            "adj": [
                13,
                8
            ]
        },
        "11": {
            "pos": [
                6.406315734265706,
                49.512228323639874
            ],
            "adj": [
                9,
                13,
                15,
                4
            ]
        },
        "12": {
            "pos": [
                6.382353260371288,
                49.58864127094004
            ],
            "adj": [
                13,
                8
            ]
        },
        "13": {
            "pos": [
                6.462896760236034,
                49.585991749052546
            ],
            "adj": [
                12,
                16,
                17,
                15,
                11,
                10
            ]
        },
        "14": {
            "pos": [
                6.616189776762654,
                49.20124502440495
            ],
            "adj": [
                4,
                23,
                21,
                2,
                1,
                3
            ]
        },
        "15": {
            "pos": [
                6.531286203194254,
                49.5120424724294
            ],
            "adj": [
                13,
                17,
                4,
                11
            ]
        },
        "16": {
            "pos": [
                6.6198608985639,
                49.615982340337574
            ],
            "adj": [
                19,
                17,
                13
            ]
        },
        "17": {
            "pos": [
                6.792877625075869,
                49.50080969789141
            ],
            "adj": [
                13,
                16,
                19,
                36,
                41,
                37,
                34,
                27,
                24,
                22,
                4,
                15
            ]
        },
        "18": {
            "pos": [
                6.705961200652074,
                49.09687757321175
            ],
            "adj": [
                1,
                20,
                25,
                28,
                0
            ]
        },
        "19": {
            "pos": [
                6.738723332183057,
                49.61337937611524
            ],
            "adj": [
                16,
                17
            ]
        },
        "20": {
            "pos": [
                6.7425778392500035,
                49.12435976409175
            ],
            "adj": [
                21,
                25,
                18,
                1
            ]
        },
        "21": {
            "pos": [
                6.812826171252379,
                49.205699588264196
            ],
            "adj": [
                23,
                26,
                29,
                35,
                39,
                33,
                32,
                30,
                25,
                20,
                14
            ]
        },
        "22": {
            "pos": [
                6.741040928343564,
                49.32133685234718
            ],
            "adj": [
                17,
                24,
                23,
                4
            ]
        },
        "23": {
            "pos": [
                6.762786891046015,
                49.302855039688545
            ],
            "adj": [
                22,
                26,
                21,
                14
            ]
        },
        "24": {
            "pos": [
                6.764176418489348,
                49.335863508460584
            ],
            "adj": [
                17,
                27,
                26,
                22
            ]
        },
        "25": {
            "pos": [
                6.793888743285497,
                49.11529587950196
            ],
            "adj": [
                21,
                30,
                28,
                18,
                20
            ]
        },
        "26": {
            "pos": [
                6.888363727650997,
                49.29899564925216
            ],
            "adj": [
                23,
                24,
                27,
                34,
                38,
                35,
                29,
                21
            ]
        },
        "27": {
            "pos": [
                6.8583045220657795,
                49.362781028203564
            ],
            "adj": [
                17,
                34,
                26,
                24
            ]
        },
        "28": {
            "pos": [
                6.837035004139624,
                49.09762427119471
            ],
            "adj": [
                25,
                30,
                31,
                18
            ]
        },
        "29": {
            "pos": [
                6.840522410540302,
                49.25336871603998
            ],
            "adj": [
                21,
                26
            ]
        },
        "30": {
            "pos": [
                6.930007325759782,
                49.13520476778983
            ],